Order,Instruction,Asset URL 1,Asset URL 2,Asset URL 3,Asset URL 4,Asset URL 5
1,Locate the flat tire.,rover_normal,,,,
2,Make sure the parking brake is applied.,rover_normal,,,,
3,Position the wheel wedge behind the damaged wheel,Rover_Normal,Wheel_Wedge,,,
4,Once the tire is in place identify the cap that secures the tire.,Rover_Normal,Wheel_Wedge,Cap,,
5,Use wrench to loosen the cap.,Wrench,Cap,Tire,Rover_No_Tire,Wheel Wedge
6,Place jack under rover at the axel of the damaged wheel.,Wheel,Rover_No_Wheel,Wheel Wedge,Jack_Screw,
7,Using the jack raise the tire until the tire is about 6 inches off of the ground.,Jack_Screw,Rover_No_Tire,Tire,,
8,Completely remove the cap the rest of the way,Rover_No_Tire,Tire,Cap,Jack_Screw,
9,Remove the flat tire from the axel,Rover_No_Tire,Tire,Jack_Screw,,
10,Mount the spare on the axel,Tire,Rover_No_Tire,Jack,,
11,Place on the cap and tighten with the wrench,Rover_No_Tire,Tire,Wrench,Cap,Jack_Screw
12,Using the jack lower the rover most of the way back down,Rover_No_Tire,Tire,Cap,Jack_Screw,
13,Tighten the cap with the wrench the rest of the way.,Rover_No_Tire,Tire,Cap,Wrench,Jack_Screw
14,Lower the rover completely and remove jack.,Rover_Normal,Jack_Screw,,,