_id,Instruction,Models,num,,,,,
"ObjectId(""5e912618317fa703504f9a1a"")",Locate the flat tire.,Rover_Normal,1,,,,,
"ObjectId(""5e91265e317fa703504f9a1b"")",Make sure the parking brake is applied.,,2,,,,,
"ObjectId(""5e9126c5317fa703504f9a1c"")",Position the wheel wedge behind the damaged wheel,Rover_Normal, Wheel_Wedge,3,,,,
"ObjectId(""5e91271d317fa703504f9a1d"")",Once the tire is in place, identify the cap that secures the tire.,Rover_Normal, Wheel_Wedge, Cap,4,,
"ObjectId(""5e912818317fa703504f9a1e"")",Use wrench to loosen the cap.,Wrench, Cap, Tire, Rover_No_Tire, Wheel Wedge,5,
"ObjectId(""5e9128fb317fa703504f9a1f"")",Place jack under rover, at the axel of the damaged wheel.,Wheel, Rover_No_Wheel, Wheel Wedge, Jack_Screw,6,
"ObjectId(""5e91296a317fa703504f9a20"")",Using the jack, raise the tire until the tire is about 6 inches off of the ground.,Jack_Screw, Rover_No_Tire, Tire,7,,
"ObjectId(""5e912cc4317fa703504f9a21"")",Completely remove the cap the rest of the way,Rover_No_Tire, Tire, Cap, Jack_Screw,8,,
"ObjectId(""5e912d8a317fa703504f9a22"")",Remove the flat tire from the axel,Rover_No_Tire, Tire, Jack_Screw,9,,,
"ObjectId(""5e912dad317fa703504f9a23"")",Mount the spare on the axel,Tire, Rover_No_Tire, Jack,10,,,
"ObjectId(""5e912ddf317fa703504f9a24"")",Place on the cap, and tighten with the wrench,Rover_No_Tire, Tire, Wrench, Cap, Jack_Screw,11
"ObjectId(""5e912e18317fa703504f9a25"")",Using the jack, lower the rover most of the way back down,Rover_No_Tire, Tire, Cap, Jack_Screw,12,
"ObjectId(""5e912e41317fa703504f9a26"")",Tighten the cap with the wrench the rest of the way.,Rover_No_Tire, Tire, Cap, Wrench, Jack_Screw,13,
"ObjectId(""5e912e6d317fa703504f9a27"")",Lower the rover completely, and remove jack.,Rover_Normal, Jack_Screw,14,,,
